0,StrategyDForceUSDC.sol,0
9,StrategyDForceUSDC.sol,30
15,StrategyDForceUSDC.sol,33.33
22,StrategyDForceUSDC.sol,36.67
29,StrategyDForceUSDC.sol,43.33
35,StrategyDForceUSDC.sol,46.67
42,StrategyDForceUSDC.sol,46.67
49,StrategyDForceUSDC.sol,53.33
56,StrategyDForceUSDC.sol,53.33
62,StrategyDForceUSDC.sol,53.33
68,StrategyDForceUSDC.sol,53.33
74,StrategyDForceUSDC.sol,53.33
80,StrategyDForceUSDC.sol,53.33
87,StrategyDForceUSDC.sol,53.33
94,StrategyDForceUSDC.sol,53.33
100,StrategyDForceUSDC.sol,53.33
106,StrategyDForceUSDC.sol,53.33
112,StrategyDForceUSDC.sol,53.33
119,StrategyDForceUSDC.sol,53.33
126,StrategyDForceUSDC.sol,53.33
131,StrategyDForceUSDC.sol,53.33
137,StrategyDForceUSDC.sol,53.33
143,StrategyDForceUSDC.sol,53.33
150,StrategyDForceUSDC.sol,53.33
157,StrategyDForceUSDC.sol,53.33
164,StrategyDForceUSDC.sol,53.33
170,StrategyDForceUSDC.sol,53.33
176,StrategyDForceUSDC.sol,53.33
182,StrategyDForceUSDC.sol,53.33
188,StrategyDForceUSDC.sol,53.33
195,StrategyDForceUSDC.sol,53.33
201,StrategyDForceUSDC.sol,53.33
207,StrategyDForceUSDC.sol,53.33
213,StrategyDForceUSDC.sol,53.33
220,StrategyDForceUSDC.sol,53.33
226,StrategyDForceUSDC.sol,53.33
232,StrategyDForceUSDC.sol,53.33
237,StrategyDForceUSDC.sol,53.33
244,StrategyDForceUSDC.sol,53.33
249,StrategyDForceUSDC.sol,53.33
254,StrategyDForceUSDC.sol,53.33
260,StrategyDForceUSDC.sol,53.33
266,StrategyDForceUSDC.sol,53.33
272,StrategyDForceUSDC.sol,53.33
277,StrategyDForceUSDC.sol,53.33
283,StrategyDForceUSDC.sol,53.33
289,StrategyDForceUSDC.sol,53.33
295,StrategyDForceUSDC.sol,53.33
300,StrategyDForceUSDC.sol,53.33
307,StrategyDForceUSDC.sol,53.33
312,StrategyDForceUSDC.sol,53.33
318,StrategyDForceUSDC.sol,53.33
324,StrategyDForceUSDC.sol,53.33
329,StrategyDForceUSDC.sol,53.33
335,StrategyDForceUSDC.sol,53.33
340,StrategyDForceUSDC.sol,53.33
346,StrategyDForceUSDC.sol,53.33
352,StrategyDForceUSDC.sol,53.33
357,StrategyDForceUSDC.sol,53.33
363,StrategyDForceUSDC.sol,53.33
369,StrategyDForceUSDC.sol,53.33
375,StrategyDForceUSDC.sol,53.33
380,StrategyDForceUSDC.sol,53.33
385,StrategyDForceUSDC.sol,53.33
391,StrategyDForceUSDC.sol,53.33
397,StrategyDForceUSDC.sol,53.33
403,StrategyDForceUSDC.sol,53.33
409,StrategyDForceUSDC.sol,53.33
415,StrategyDForceUSDC.sol,53.33
420,StrategyDForceUSDC.sol,53.33
426,StrategyDForceUSDC.sol,53.33
432,StrategyDForceUSDC.sol,53.33
438,StrategyDForceUSDC.sol,53.33
444,StrategyDForceUSDC.sol,53.33
450,StrategyDForceUSDC.sol,53.33
456,StrategyDForceUSDC.sol,53.33
462,StrategyDForceUSDC.sol,53.33
468,StrategyDForceUSDC.sol,53.33
474,StrategyDForceUSDC.sol,53.33
480,StrategyDForceUSDC.sol,53.33
487,StrategyDForceUSDC.sol,53.33
493,StrategyDForceUSDC.sol,53.33
498,StrategyDForceUSDC.sol,53.33
504,StrategyDForceUSDC.sol,53.33
511,StrategyDForceUSDC.sol,53.33
517,StrategyDForceUSDC.sol,53.33
523,StrategyDForceUSDC.sol,53.33
529,StrategyDForceUSDC.sol,53.33
535,StrategyDForceUSDC.sol,53.33
541,StrategyDForceUSDC.sol,53.33
551,StrategyDForceUSDC.sol,53.33
559,StrategyDForceUSDC.sol,53.33
567,StrategyDForceUSDC.sol,53.33
575,StrategyDForceUSDC.sol,53.33
583,StrategyDForceUSDC.sol,53.33
589,StrategyDForceUSDC.sol,53.33
595,StrategyDForceUSDC.sol,53.33
604,StrategyDForceUSDC.sol,53.33
611,StrategyDForceUSDC.sol,53.33
620,StrategyDForceUSDC.sol,53.33
626,StrategyDForceUSDC.sol,53.33
632,StrategyDForceUSDC.sol,53.33
641,StrategyDForceUSDC.sol,53.33
649,StrategyDForceUSDC.sol,53.33
656,StrategyDForceUSDC.sol,53.33
662,StrategyDForceUSDC.sol,53.33
668,StrategyDForceUSDC.sol,53.33
677,StrategyDForceUSDC.sol,53.33
686,StrategyDForceUSDC.sol,53.33
692,StrategyDForceUSDC.sol,53.33
699,StrategyDForceUSDC.sol,53.33
707,StrategyDForceUSDC.sol,53.33
714,StrategyDForceUSDC.sol,53.33
722,StrategyDForceUSDC.sol,53.33
728,StrategyDForceUSDC.sol,53.33
737,StrategyDForceUSDC.sol,53.33
746,StrategyDForceUSDC.sol,53.33
752,StrategyDForceUSDC.sol,53.33
758,StrategyDForceUSDC.sol,53.33
767,StrategyDForceUSDC.sol,53.33
775,StrategyDForceUSDC.sol,53.33
783,StrategyDForceUSDC.sol,53.33
789,StrategyDForceUSDC.sol,53.33
795,StrategyDForceUSDC.sol,53.33
805,StrategyDForceUSDC.sol,53.33
815,StrategyDForceUSDC.sol,53.33
823,StrategyDForceUSDC.sol,53.33
833,StrategyDForceUSDC.sol,53.33
840,StrategyDForceUSDC.sol,53.33
847,StrategyDForceUSDC.sol,53.33
854,StrategyDForceUSDC.sol,53.33
860,StrategyDForceUSDC.sol,53.33
867,StrategyDForceUSDC.sol,53.33
873,StrategyDForceUSDC.sol,53.33
881,StrategyDForceUSDC.sol,53.33
887,StrategyDForceUSDC.sol,53.33
894,StrategyDForceUSDC.sol,53.33
899,StrategyDForceUSDC.sol,53.33
900,StrategyDForceUSDC.sol,53.33
0,IController.sol,0
3,IController.sol,0
6,IController.sol,0
9,IController.sol,0
11,IController.sol,0
14,IController.sol,0
17,IController.sol,0
20,IController.sol,0
22,IController.sol,0
25,IController.sol,0
27,IController.sol,0
30,IController.sol,0
32,IController.sol,0
34,IController.sol,0
36,IController.sol,0
39,IController.sol,0
41,IController.sol,0
44,IController.sol,0
47,IController.sol,0
49,IController.sol,0
52,IController.sol,0
55,IController.sol,0
58,IController.sol,0
60,IController.sol,0
63,IController.sol,0
66,IController.sol,0
68,IController.sol,0
71,IController.sol,0
74,IController.sol,0
76,IController.sol,0
79,IController.sol,0
81,IController.sol,0
84,IController.sol,0
87,IController.sol,0
90,IController.sol,0
93,IController.sol,0
95,IController.sol,0
98,IController.sol,0
101,IController.sol,0
104,IController.sol,0
106,IController.sol,0
109,IController.sol,0
112,IController.sol,0
114,IController.sol,0
117,IController.sol,0
120,IController.sol,0
123,IController.sol,0
125,IController.sol,0
128,IController.sol,0
130,IController.sol,0
133,IController.sol,0
136,IController.sol,0
139,IController.sol,0
142,IController.sol,0
145,IController.sol,0
148,IController.sol,0
152,IController.sol,0
156,IController.sol,0
158,IController.sol,0
161,IController.sol,0
163,IController.sol,0
166,IController.sol,0
168,IController.sol,0
171,IController.sol,0
174,IController.sol,0
177,IController.sol,0
179,IController.sol,0
182,IController.sol,0
184,IController.sol,0
187,IController.sol,0
189,IController.sol,0
192,IController.sol,0
194,IController.sol,0
197,IController.sol,0
199,IController.sol,0
201,IController.sol,0
204,IController.sol,0
207,IController.sol,0
209,IController.sol,0
212,IController.sol,0
215,IController.sol,0
217,IController.sol,0
220,IController.sol,0
223,IController.sol,0
225,IController.sol,0
228,IController.sol,0
230,IController.sol,0
233,IController.sol,0
236,IController.sol,0
238,IController.sol,0
241,IController.sol,0
243,IController.sol,0
246,IController.sol,0
248,IController.sol,0
251,IController.sol,0
254,IController.sol,0
257,IController.sol,0
259,IController.sol,0
262,IController.sol,0
264,IController.sol,0
267,IController.sol,0
269,IController.sol,0
272,IController.sol,0
275,IController.sol,0
278,IController.sol,0
280,IController.sol,0
283,IController.sol,0
285,IController.sol,0
288,IController.sol,0
290,IController.sol,0
293,IController.sol,0
295,IController.sol,0
298,IController.sol,0
301,IController.sol,0
303,IController.sol,0
306,IController.sol,0
308,IController.sol,0
311,IController.sol,0
314,IController.sol,0
316,IController.sol,0
319,IController.sol,0
321,IController.sol,0
324,IController.sol,0
326,IController.sol,0
330,IController.sol,0
332,IController.sol,0
335,IController.sol,0
337,IController.sol,0
339,IController.sol,0
342,IController.sol,0
344,IController.sol,0
347,IController.sol,0
349,IController.sol,0
352,IController.sol,0
355,IController.sol,0
357,IController.sol,0
360,IController.sol,0
362,IController.sol,0
365,IController.sol,0
367,IController.sol,0
369,IController.sol,0
372,IController.sol,0
375,IController.sol,0
377,IController.sol,0
380,IController.sol,0
383,IController.sol,0
386,IController.sol,0
389,IController.sol,0
391,IController.sol,0
394,IController.sol,0
396,IController.sol,0
399,IController.sol,0
402,IController.sol,0
404,IController.sol,0
406,IController.sol,0
409,IController.sol,0
411,IController.sol,0
414,IController.sol,0
417,IController.sol,0
420,IController.sol,0
422,IController.sol,0
425,IController.sol,0
427,IController.sol,0
430,IController.sol,0
432,IController.sol,0
435,IController.sol,0
438,IController.sol,0
441,IController.sol,0
443,IController.sol,0
446,IController.sol,0
449,IController.sol,0
451,IController.sol,0
454,IController.sol,0
457,IController.sol,0
460,IController.sol,0
462,IController.sol,0
465,IController.sol,0
468,IController.sol,0
470,IController.sol,0
473,IController.sol,0
475,IController.sol,0
478,IController.sol,0
481,IController.sol,0
483,IController.sol,0
486,IController.sol,0
488,IController.sol,0
491,IController.sol,0
494,IController.sol,0
497,IController.sol,0
500,IController.sol,0
502,IController.sol,0
505,IController.sol,0
508,IController.sol,0
511,IController.sol,0
513,IController.sol,0
516,IController.sol,0
518,IController.sol,0
521,IController.sol,0
523,IController.sol,0
526,IController.sol,0
528,IController.sol,0
531,IController.sol,0
534,IController.sol,0
537,IController.sol,0
540,IController.sol,0
542,IController.sol,0
545,IController.sol,0
548,IController.sol,0
551,IController.sol,0
554,IController.sol,0
556,IController.sol,0
559,IController.sol,0
562,IController.sol,0
564,IController.sol,0
567,IController.sol,0
569,IController.sol,0
572,IController.sol,0
575,IController.sol,0
578,IController.sol,0
581,IController.sol,0
584,IController.sol,0
586,IController.sol,0
589,IController.sol,0
591,IController.sol,0
594,IController.sol,0
597,IController.sol,0
599,IController.sol,0
602,IController.sol,0
605,IController.sol,0
608,IController.sol,0
611,IController.sol,0
614,IController.sol,0
617,IController.sol,0
620,IController.sol,0
623,IController.sol,0
625,IController.sol,0
628,IController.sol,0
631,IController.sol,0
633,IController.sol,0
636,IController.sol,0
639,IController.sol,0
641,IController.sol,0
644,IController.sol,0
647,IController.sol,0
649,IController.sol,0
652,IController.sol,0
655,IController.sol,0
658,IController.sol,0
661,IController.sol,0
664,IController.sol,0
667,IController.sol,0
670,IController.sol,0
673,IController.sol,0
676,IController.sol,0
678,IController.sol,0
681,IController.sol,0
683,IController.sol,0
686,IController.sol,0
689,IController.sol,0
692,IController.sol,0
695,IController.sol,0
698,IController.sol,0
700,IController.sol,0
703,IController.sol,0
706,IController.sol,0
709,IController.sol,0
713,IController.sol,0
716,IController.sol,0
719,IController.sol,0
721,IController.sol,0
724,IController.sol,0
727,IController.sol,0
730,IController.sol,0
732,IController.sol,0
735,IController.sol,0
738,IController.sol,0
741,IController.sol,0
744,IController.sol,0
747,IController.sol,0
750,IController.sol,0
753,IController.sol,0
756,IController.sol,0
758,IController.sol,0
761,IController.sol,0
764,IController.sol,0
767,IController.sol,0
770,IController.sol,0
773,IController.sol,0
776,IController.sol,0
778,IController.sol,0
781,IController.sol,0
784,IController.sol,0
787,IController.sol,0
790,IController.sol,0
793,IController.sol,0
796,IController.sol,0
798,IController.sol,0
801,IController.sol,0
804,IController.sol,0
807,IController.sol,0
810,IController.sol,0
813,IController.sol,0
815,IController.sol,0
818,IController.sol,0
821,IController.sol,0
824,IController.sol,0
828,IController.sol,0
831,IController.sol,0
834,IController.sol,0
837,IController.sol,0
839,IController.sol,0
842,IController.sol,0
845,IController.sol,0
848,IController.sol,0
851,IController.sol,0
853,IController.sol,0
856,IController.sol,0
859,IController.sol,0
862,IController.sol,0
865,IController.sol,0
868,IController.sol,0
871,IController.sol,0
874,IController.sol,0
876,IController.sol,0
880,IController.sol,0
883,IController.sol,0
886,IController.sol,0
889,IController.sol,0
891,IController.sol,0
894,IController.sol,0
897,IController.sol,0
900,IController.sol,0
0,Rewards.sol,0
2,Rewards.sol,0
5,Rewards.sol,0
8,Rewards.sol,0
11,Rewards.sol,0
14,Rewards.sol,0
17,Rewards.sol,0
20,Rewards.sol,0
23,Rewards.sol,0
25,Rewards.sol,0
29,Rewards.sol,0
32,Rewards.sol,0
35,Rewards.sol,0
38,Rewards.sol,0
40,Rewards.sol,0
43,Rewards.sol,0
46,Rewards.sol,0
49,Rewards.sol,0
51,Rewards.sol,0
54,Rewards.sol,0
57,Rewards.sol,0
60,Rewards.sol,0
63,Rewards.sol,0
66,Rewards.sol,0
68,Rewards.sol,0
72,Rewards.sol,0
74,Rewards.sol,0
77,Rewards.sol,0
80,Rewards.sol,0
83,Rewards.sol,0
86,Rewards.sol,0
88,Rewards.sol,0
92,Rewards.sol,0
94,Rewards.sol,0
97,Rewards.sol,0
100,Rewards.sol,0
103,Rewards.sol,0
106,Rewards.sol,0
109,Rewards.sol,0
112,Rewards.sol,0
115,Rewards.sol,0
118,Rewards.sol,0
121,Rewards.sol,0
124,Rewards.sol,0
127,Rewards.sol,0
129,Rewards.sol,0
132,Rewards.sol,0
135,Rewards.sol,0
138,Rewards.sol,0
141,Rewards.sol,0
144,Rewards.sol,0
146,Rewards.sol,0
149,Rewards.sol,0
153,Rewards.sol,0
155,Rewards.sol,0
158,Rewards.sol,0
161,Rewards.sol,0
164,Rewards.sol,0
167,Rewards.sol,0
169,Rewards.sol,0
173,Rewards.sol,0
175,Rewards.sol,0
179,Rewards.sol,0
181,Rewards.sol,0
184,Rewards.sol,0
187,Rewards.sol,0
190,Rewards.sol,0
193,Rewards.sol,0
196,Rewards.sol,0
198,Rewards.sol,0
201,Rewards.sol,0
205,Rewards.sol,0
208,Rewards.sol,0
210,Rewards.sol,0
213,Rewards.sol,0
216,Rewards.sol,0
219,Rewards.sol,0
222,Rewards.sol,0
225,Rewards.sol,0
228,Rewards.sol,0
230,Rewards.sol,0
234,Rewards.sol,0
237,Rewards.sol,0
240,Rewards.sol,0
243,Rewards.sol,0
245,Rewards.sol,0
249,Rewards.sol,0
252,Rewards.sol,0
255,Rewards.sol,0
258,Rewards.sol,0
262,Rewards.sol,0
265,Rewards.sol,0
268,Rewards.sol,0
271,Rewards.sol,0
273,Rewards.sol,0
277,Rewards.sol,0
279,Rewards.sol,0
282,Rewards.sol,0
285,Rewards.sol,0
288,Rewards.sol,0
291,Rewards.sol,0
293,Rewards.sol,0
296,Rewards.sol,0
299,Rewards.sol,0
302,Rewards.sol,0
305,Rewards.sol,0
307,Rewards.sol,0
310,Rewards.sol,0
312,Rewards.sol,0
316,Rewards.sol,0
319,Rewards.sol,0
322,Rewards.sol,0
325,Rewards.sol,0
328,Rewards.sol,0
331,Rewards.sol,0
333,Rewards.sol,0
336,Rewards.sol,0
338,Rewards.sol,0
341,Rewards.sol,0
343,Rewards.sol,0
346,Rewards.sol,0
349,Rewards.sol,0
351,Rewards.sol,0
353,Rewards.sol,0
356,Rewards.sol,0
360,Rewards.sol,0
362,Rewards.sol,0
366,Rewards.sol,0
368,Rewards.sol,0
372,Rewards.sol,0
374,Rewards.sol,0
377,Rewards.sol,0
380,Rewards.sol,0
383,Rewards.sol,0
385,Rewards.sol,0
388,Rewards.sol,0
391,Rewards.sol,0
394,Rewards.sol,0
396,Rewards.sol,0
399,Rewards.sol,0
403,Rewards.sol,0
405,Rewards.sol,0
408,Rewards.sol,0
410,Rewards.sol,0
413,Rewards.sol,0
416,Rewards.sol,0
419,Rewards.sol,0
421,Rewards.sol,0
424,Rewards.sol,0
427,Rewards.sol,0
429,Rewards.sol,0
432,Rewards.sol,0
435,Rewards.sol,0
437,Rewards.sol,0
440,Rewards.sol,0
443,Rewards.sol,0
445,Rewards.sol,0
448,Rewards.sol,0
451,Rewards.sol,0
454,Rewards.sol,0
457,Rewards.sol,0
460,Rewards.sol,0
463,Rewards.sol,0
465,Rewards.sol,0
468,Rewards.sol,0
470,Rewards.sol,0
473,Rewards.sol,0
476,Rewards.sol,0
479,Rewards.sol,0
482,Rewards.sol,0
485,Rewards.sol,0
487,Rewards.sol,0
490,Rewards.sol,0
493,Rewards.sol,0
496,Rewards.sol,0
499,Rewards.sol,0
502,Rewards.sol,0
505,Rewards.sol,0
508,Rewards.sol,0
511,Rewards.sol,0
514,Rewards.sol,0
517,Rewards.sol,0
519,Rewards.sol,0
522,Rewards.sol,0
525,Rewards.sol,0
527,Rewards.sol,0
530,Rewards.sol,0
533,Rewards.sol,0
536,Rewards.sol,0
539,Rewards.sol,0
542,Rewards.sol,0
545,Rewards.sol,0
548,Rewards.sol,0
551,Rewards.sol,0
554,Rewards.sol,0
556,Rewards.sol,0
559,Rewards.sol,0
561,Rewards.sol,0
564,Rewards.sol,0
567,Rewards.sol,0
570,Rewards.sol,0
573,Rewards.sol,0
575,Rewards.sol,0
579,Rewards.sol,0
582,Rewards.sol,0
584,Rewards.sol,0
587,Rewards.sol,0
590,Rewards.sol,0
593,Rewards.sol,0
595,Rewards.sol,0
598,Rewards.sol,0
600,Rewards.sol,0
603,Rewards.sol,0
606,Rewards.sol,0
609,Rewards.sol,0
612,Rewards.sol,0
614,Rewards.sol,0
617,Rewards.sol,0
620,Rewards.sol,0
623,Rewards.sol,0
626,Rewards.sol,0
629,Rewards.sol,0
632,Rewards.sol,0
634,Rewards.sol,0
637,Rewards.sol,0
640,Rewards.sol,0
643,Rewards.sol,0
645,Rewards.sol,0
649,Rewards.sol,0
651,Rewards.sol,0
655,Rewards.sol,0
657,Rewards.sol,0
660,Rewards.sol,0
663,Rewards.sol,0
666,Rewards.sol,0
669,Rewards.sol,0
672,Rewards.sol,0
675,Rewards.sol,0
678,Rewards.sol,0
681,Rewards.sol,0
683,Rewards.sol,0
686,Rewards.sol,0
688,Rewards.sol,0
691,Rewards.sol,0
694,Rewards.sol,0
697,Rewards.sol,0
700,Rewards.sol,0
703,Rewards.sol,0
705,Rewards.sol,0
708,Rewards.sol,0
711,Rewards.sol,0
714,Rewards.sol,0
717,Rewards.sol,0
720,Rewards.sol,0
722,Rewards.sol,0
725,Rewards.sol,0
727,Rewards.sol,0
730,Rewards.sol,0
733,Rewards.sol,0
735,Rewards.sol,0
738,Rewards.sol,0
742,Rewards.sol,0
744,Rewards.sol,0
747,Rewards.sol,0
750,Rewards.sol,0
753,Rewards.sol,0
756,Rewards.sol,0
759,Rewards.sol,0
762,Rewards.sol,0
764,Rewards.sol,0
767,Rewards.sol,0
770,Rewards.sol,0
773,Rewards.sol,0
776,Rewards.sol,0
778,Rewards.sol,0
780,Rewards.sol,0
783,Rewards.sol,0
786,Rewards.sol,0
788,Rewards.sol,0
791,Rewards.sol,0
794,Rewards.sol,0
797,Rewards.sol,0
800,Rewards.sol,0
803,Rewards.sol,0
805,Rewards.sol,0
808,Rewards.sol,0
810,Rewards.sol,0
814,Rewards.sol,0
817,Rewards.sol,0
820,Rewards.sol,0
823,Rewards.sol,0
825,Rewards.sol,0
828,Rewards.sol,0
831,Rewards.sol,0
834,Rewards.sol,0
837,Rewards.sol,0
840,Rewards.sol,0
842,Rewards.sol,0
845,Rewards.sol,0
847,Rewards.sol,0
850,Rewards.sol,0
852,Rewards.sol,0
855,Rewards.sol,0
858,Rewards.sol,0
860,Rewards.sol,0
863,Rewards.sol,0
866,Rewards.sol,0
868,Rewards.sol,0
871,Rewards.sol,0
874,Rewards.sol,0
877,Rewards.sol,0
880,Rewards.sol,0
883,Rewards.sol,0
885,Rewards.sol,0
888,Rewards.sol,0
891,Rewards.sol,0
894,Rewards.sol,0
897,Rewards.sol,0
899,Rewards.sol,0
900,Rewards.sol,0
