0,VBZRXWrapper.sol,0
5,VBZRXWrapper.sol,55.56
9,VBZRXWrapper.sol,66.67
12,VBZRXWrapper.sol,88.89
16,VBZRXWrapper.sol,88.89
19,VBZRXWrapper.sol,88.89
23,VBZRXWrapper.sol,88.89
28,VBZRXWrapper.sol,88.89
33,VBZRXWrapper.sol,88.89
38,VBZRXWrapper.sol,88.89
42,VBZRXWrapper.sol,88.89
46,VBZRXWrapper.sol,88.89
51,VBZRXWrapper.sol,88.89
55,VBZRXWrapper.sol,88.89
60,VBZRXWrapper.sol,88.89
64,VBZRXWrapper.sol,88.89
69,VBZRXWrapper.sol,88.89
73,VBZRXWrapper.sol,88.89
78,VBZRXWrapper.sol,88.89
83,VBZRXWrapper.sol,88.89
87,VBZRXWrapper.sol,88.89
91,VBZRXWrapper.sol,88.89
96,VBZRXWrapper.sol,88.89
101,VBZRXWrapper.sol,88.89
105,VBZRXWrapper.sol,88.89
110,VBZRXWrapper.sol,88.89
115,VBZRXWrapper.sol,88.89
121,VBZRXWrapper.sol,88.89
125,VBZRXWrapper.sol,88.89
129,VBZRXWrapper.sol,88.89
135,VBZRXWrapper.sol,88.89
139,VBZRXWrapper.sol,88.89
145,VBZRXWrapper.sol,88.89
150,VBZRXWrapper.sol,88.89
154,VBZRXWrapper.sol,88.89
159,VBZRXWrapper.sol,88.89
163,VBZRXWrapper.sol,88.89
167,VBZRXWrapper.sol,88.89
173,VBZRXWrapper.sol,88.89
178,VBZRXWrapper.sol,88.89
184,VBZRXWrapper.sol,88.89
189,VBZRXWrapper.sol,88.89
194,VBZRXWrapper.sol,88.89
198,VBZRXWrapper.sol,88.89
203,VBZRXWrapper.sol,88.89
208,VBZRXWrapper.sol,88.89
213,VBZRXWrapper.sol,88.89
219,VBZRXWrapper.sol,88.89
224,VBZRXWrapper.sol,88.89
230,VBZRXWrapper.sol,88.89
234,VBZRXWrapper.sol,88.89
238,VBZRXWrapper.sol,88.89
244,VBZRXWrapper.sol,88.89
251,VBZRXWrapper.sol,88.89
257,VBZRXWrapper.sol,88.89
262,VBZRXWrapper.sol,88.89
267,VBZRXWrapper.sol,88.89
272,VBZRXWrapper.sol,88.89
277,VBZRXWrapper.sol,88.89
283,VBZRXWrapper.sol,88.89
288,VBZRXWrapper.sol,88.89
294,VBZRXWrapper.sol,88.89
300,VBZRXWrapper.sol,88.89
303,VBZRXWrapper.sol,88.89
307,VBZRXWrapper.sol,88.89
313,VBZRXWrapper.sol,88.89
320,VBZRXWrapper.sol,88.89
327,VBZRXWrapper.sol,88.89
333,VBZRXWrapper.sol,88.89
337,VBZRXWrapper.sol,88.89
342,VBZRXWrapper.sol,88.89
348,VBZRXWrapper.sol,88.89
354,VBZRXWrapper.sol,88.89
361,VBZRXWrapper.sol,88.89
367,VBZRXWrapper.sol,88.89
373,VBZRXWrapper.sol,88.89
377,VBZRXWrapper.sol,88.89
381,VBZRXWrapper.sol,88.89
385,VBZRXWrapper.sol,88.89
389,VBZRXWrapper.sol,88.89
392,VBZRXWrapper.sol,88.89
396,VBZRXWrapper.sol,88.89
400,VBZRXWrapper.sol,88.89
404,VBZRXWrapper.sol,88.89
407,VBZRXWrapper.sol,88.89
411,VBZRXWrapper.sol,88.89
415,VBZRXWrapper.sol,88.89
419,VBZRXWrapper.sol,88.89
427,VBZRXWrapper.sol,88.89
434,VBZRXWrapper.sol,88.89
443,VBZRXWrapper.sol,88.89
447,VBZRXWrapper.sol,88.89
452,VBZRXWrapper.sol,88.89
460,VBZRXWrapper.sol,88.89
466,VBZRXWrapper.sol,88.89
473,VBZRXWrapper.sol,88.89
481,VBZRXWrapper.sol,88.89
487,VBZRXWrapper.sol,88.89
494,VBZRXWrapper.sol,88.89
501,VBZRXWrapper.sol,88.89
508,VBZRXWrapper.sol,88.89
514,VBZRXWrapper.sol,88.89
517,VBZRXWrapper.sol,88.89
520,VBZRXWrapper.sol,88.89
523,VBZRXWrapper.sol,88.89
527,VBZRXWrapper.sol,88.89
530,VBZRXWrapper.sol,88.89
534,VBZRXWrapper.sol,88.89
537,VBZRXWrapper.sol,88.89
541,VBZRXWrapper.sol,88.89
545,VBZRXWrapper.sol,88.89
549,VBZRXWrapper.sol,88.89
553,VBZRXWrapper.sol,88.89
556,VBZRXWrapper.sol,88.89
560,VBZRXWrapper.sol,88.89
563,VBZRXWrapper.sol,88.89
567,VBZRXWrapper.sol,88.89
570,VBZRXWrapper.sol,88.89
574,VBZRXWrapper.sol,88.89
578,VBZRXWrapper.sol,88.89
581,VBZRXWrapper.sol,88.89
584,VBZRXWrapper.sol,88.89
588,VBZRXWrapper.sol,88.89
592,VBZRXWrapper.sol,88.89
595,VBZRXWrapper.sol,88.89
600,VBZRXWrapper.sol,88.89
608,VBZRXWrapper.sol,88.89
616,VBZRXWrapper.sol,88.89
623,VBZRXWrapper.sol,88.89
631,VBZRXWrapper.sol,88.89
636,VBZRXWrapper.sol,88.89
639,VBZRXWrapper.sol,88.89
642,VBZRXWrapper.sol,88.89
645,VBZRXWrapper.sol,88.89
648,VBZRXWrapper.sol,88.89
653,VBZRXWrapper.sol,88.89
657,VBZRXWrapper.sol,88.89
661,VBZRXWrapper.sol,88.89
664,VBZRXWrapper.sol,88.89
668,VBZRXWrapper.sol,88.89
671,VBZRXWrapper.sol,88.89
674,VBZRXWrapper.sol,88.89
678,VBZRXWrapper.sol,88.89
681,VBZRXWrapper.sol,88.89
685,VBZRXWrapper.sol,88.89
689,VBZRXWrapper.sol,88.89
692,VBZRXWrapper.sol,88.89
696,VBZRXWrapper.sol,88.89
700,VBZRXWrapper.sol,88.89
704,VBZRXWrapper.sol,88.89
707,VBZRXWrapper.sol,88.89
711,VBZRXWrapper.sol,88.89
715,VBZRXWrapper.sol,88.89
718,VBZRXWrapper.sol,88.89
721,VBZRXWrapper.sol,88.89
725,VBZRXWrapper.sol,88.89
729,VBZRXWrapper.sol,88.89
732,VBZRXWrapper.sol,88.89
736,VBZRXWrapper.sol,88.89
739,VBZRXWrapper.sol,88.89
743,VBZRXWrapper.sol,88.89
747,VBZRXWrapper.sol,88.89
751,VBZRXWrapper.sol,88.89
754,VBZRXWrapper.sol,88.89
758,VBZRXWrapper.sol,88.89
762,VBZRXWrapper.sol,88.89
765,VBZRXWrapper.sol,88.89
769,VBZRXWrapper.sol,88.89
773,VBZRXWrapper.sol,88.89
776,VBZRXWrapper.sol,88.89
780,VBZRXWrapper.sol,88.89
784,VBZRXWrapper.sol,88.89
787,VBZRXWrapper.sol,88.89
791,VBZRXWrapper.sol,88.89
795,VBZRXWrapper.sol,88.89
798,VBZRXWrapper.sol,88.89
802,VBZRXWrapper.sol,88.89
806,VBZRXWrapper.sol,88.89
809,VBZRXWrapper.sol,88.89
813,VBZRXWrapper.sol,88.89
816,VBZRXWrapper.sol,88.89
820,VBZRXWrapper.sol,88.89
824,VBZRXWrapper.sol,88.89
828,VBZRXWrapper.sol,88.89
832,VBZRXWrapper.sol,88.89
835,VBZRXWrapper.sol,88.89
839,VBZRXWrapper.sol,88.89
842,VBZRXWrapper.sol,88.89
846,VBZRXWrapper.sol,88.89
850,VBZRXWrapper.sol,88.89
853,VBZRXWrapper.sol,88.89
857,VBZRXWrapper.sol,88.89
861,VBZRXWrapper.sol,88.89
864,VBZRXWrapper.sol,88.89
868,VBZRXWrapper.sol,88.89
872,VBZRXWrapper.sol,88.89
875,VBZRXWrapper.sol,88.89
879,VBZRXWrapper.sol,88.89
883,VBZRXWrapper.sol,88.89
886,VBZRXWrapper.sol,88.89
890,VBZRXWrapper.sol,88.89
894,VBZRXWrapper.sol,88.89
898,VBZRXWrapper.sol,88.89
900,VBZRXWrapper.sol,88.89
0,IERC20.sol,0
2,IERC20.sol,0
4,IERC20.sol,0
5,IERC20.sol,0
7,IERC20.sol,0
8,IERC20.sol,0
10,IERC20.sol,0
11,IERC20.sol,0
13,IERC20.sol,0
14,IERC20.sol,0
15,IERC20.sol,0
16,IERC20.sol,0
18,IERC20.sol,0
19,IERC20.sol,0
20,IERC20.sol,0
21,IERC20.sol,0
23,IERC20.sol,0
24,IERC20.sol,0
25,IERC20.sol,0
26,IERC20.sol,0
28,IERC20.sol,0
29,IERC20.sol,0
30,IERC20.sol,0
31,IERC20.sol,0
33,IERC20.sol,0
34,IERC20.sol,0
35,IERC20.sol,0
36,IERC20.sol,0
38,IERC20.sol,0
39,IERC20.sol,0
40,IERC20.sol,0
41,IERC20.sol,0
43,IERC20.sol,0
44,IERC20.sol,0
45,IERC20.sol,0
46,IERC20.sol,0
48,IERC20.sol,0
49,IERC20.sol,0
50,IERC20.sol,0
51,IERC20.sol,0
53,IERC20.sol,0
54,IERC20.sol,0
56,IERC20.sol,0
57,IERC20.sol,0
58,IERC20.sol,0
59,IERC20.sol,0
61,IERC20.sol,0
62,IERC20.sol,0
63,IERC20.sol,0
64,IERC20.sol,0
66,IERC20.sol,0
67,IERC20.sol,0
68,IERC20.sol,0
69,IERC20.sol,0
71,IERC20.sol,0
72,IERC20.sol,0
73,IERC20.sol,0
74,IERC20.sol,0
76,IERC20.sol,0
77,IERC20.sol,0
78,IERC20.sol,0
79,IERC20.sol,0
81,IERC20.sol,0
82,IERC20.sol,0
83,IERC20.sol,0
84,IERC20.sol,0
86,IERC20.sol,0
87,IERC20.sol,0
88,IERC20.sol,0
89,IERC20.sol,0
91,IERC20.sol,0
92,IERC20.sol,0
93,IERC20.sol,0
94,IERC20.sol,0
96,IERC20.sol,0
97,IERC20.sol,0
98,IERC20.sol,0
100,IERC20.sol,0
101,IERC20.sol,0
102,IERC20.sol,0
103,IERC20.sol,0
105,IERC20.sol,0
106,IERC20.sol,0
107,IERC20.sol,0
108,IERC20.sol,0
110,IERC20.sol,0
111,IERC20.sol,0
112,IERC20.sol,0
113,IERC20.sol,0
115,IERC20.sol,0
116,IERC20.sol,0
117,IERC20.sol,0
119,IERC20.sol,0
120,IERC20.sol,0
121,IERC20.sol,0
123,IERC20.sol,0
124,IERC20.sol,0
125,IERC20.sol,0
127,IERC20.sol,0
128,IERC20.sol,0
129,IERC20.sol,0
130,IERC20.sol,0
132,IERC20.sol,0
133,IERC20.sol,0
134,IERC20.sol,0
136,IERC20.sol,0
137,IERC20.sol,0
138,IERC20.sol,0
140,IERC20.sol,0
141,IERC20.sol,0
142,IERC20.sol,0
143,IERC20.sol,0
145,IERC20.sol,0
146,IERC20.sol,0
147,IERC20.sol,0
148,IERC20.sol,0
150,IERC20.sol,0
151,IERC20.sol,0
152,IERC20.sol,0
154,IERC20.sol,0
155,IERC20.sol,0
156,IERC20.sol,0
157,IERC20.sol,0
159,IERC20.sol,0
160,IERC20.sol,0
161,IERC20.sol,0
163,IERC20.sol,0
164,IERC20.sol,0
165,IERC20.sol,0
167,IERC20.sol,0
168,IERC20.sol,0
169,IERC20.sol,0
171,IERC20.sol,0
172,IERC20.sol,0
173,IERC20.sol,0
174,IERC20.sol,0
176,IERC20.sol,0
177,IERC20.sol,0
178,IERC20.sol,0
180,IERC20.sol,0
181,IERC20.sol,0
182,IERC20.sol,0
183,IERC20.sol,0
185,IERC20.sol,0
186,IERC20.sol,0
187,IERC20.sol,0
189,IERC20.sol,0
190,IERC20.sol,0
191,IERC20.sol,0
192,IERC20.sol,0
194,IERC20.sol,0
195,IERC20.sol,0
196,IERC20.sol,0
198,IERC20.sol,0
199,IERC20.sol,0
200,IERC20.sol,0
201,IERC20.sol,0
203,IERC20.sol,0
204,IERC20.sol,0
205,IERC20.sol,0
206,IERC20.sol,0
208,IERC20.sol,0
209,IERC20.sol,0
210,IERC20.sol,0
211,IERC20.sol,0
213,IERC20.sol,0
214,IERC20.sol,0
215,IERC20.sol,0
217,IERC20.sol,0
218,IERC20.sol,0
219,IERC20.sol,0
221,IERC20.sol,0
222,IERC20.sol,0
223,IERC20.sol,0
224,IERC20.sol,0
226,IERC20.sol,0
227,IERC20.sol,0
228,IERC20.sol,0
230,IERC20.sol,0
231,IERC20.sol,0
233,IERC20.sol,0
234,IERC20.sol,0
235,IERC20.sol,0
236,IERC20.sol,0
238,IERC20.sol,0
239,IERC20.sol,0
240,IERC20.sol,0
241,IERC20.sol,0
243,IERC20.sol,0
244,IERC20.sol,0
245,IERC20.sol,0
246,IERC20.sol,0
248,IERC20.sol,0
249,IERC20.sol,0
250,IERC20.sol,0
251,IERC20.sol,0
253,IERC20.sol,0
254,IERC20.sol,0
255,IERC20.sol,0
257,IERC20.sol,0
258,IERC20.sol,0
259,IERC20.sol,0
261,IERC20.sol,0
262,IERC20.sol,0
263,IERC20.sol,0
264,IERC20.sol,0
266,IERC20.sol,0
267,IERC20.sol,0
268,IERC20.sol,0
270,IERC20.sol,0
271,IERC20.sol,0
272,IERC20.sol,0
274,IERC20.sol,0
275,IERC20.sol,0
276,IERC20.sol,0
278,IERC20.sol,0
279,IERC20.sol,0
280,IERC20.sol,0
282,IERC20.sol,0
283,IERC20.sol,0
284,IERC20.sol,0
286,IERC20.sol,0
287,IERC20.sol,0
288,IERC20.sol,0
290,IERC20.sol,0
291,IERC20.sol,0
293,IERC20.sol,0
294,IERC20.sol,0
295,IERC20.sol,0
296,IERC20.sol,0
298,IERC20.sol,0
299,IERC20.sol,0
301,IERC20.sol,0
302,IERC20.sol,0
303,IERC20.sol,0
305,IERC20.sol,0
306,IERC20.sol,0
307,IERC20.sol,0
309,IERC20.sol,0
310,IERC20.sol,0
311,IERC20.sol,0
313,IERC20.sol,0
314,IERC20.sol,0
315,IERC20.sol,0
317,IERC20.sol,0
318,IERC20.sol,0
319,IERC20.sol,0
321,IERC20.sol,0
322,IERC20.sol,0
323,IERC20.sol,0
325,IERC20.sol,0
326,IERC20.sol,0
327,IERC20.sol,0
329,IERC20.sol,0
330,IERC20.sol,0
331,IERC20.sol,0
333,IERC20.sol,0
334,IERC20.sol,0
335,IERC20.sol,0
337,IERC20.sol,0
338,IERC20.sol,0
339,IERC20.sol,0
341,IERC20.sol,0
342,IERC20.sol,0
343,IERC20.sol,0
345,IERC20.sol,0
346,IERC20.sol,0
347,IERC20.sol,0
349,IERC20.sol,0
350,IERC20.sol,0
352,IERC20.sol,0
353,IERC20.sol,0
354,IERC20.sol,0
355,IERC20.sol,0
357,IERC20.sol,0
358,IERC20.sol,0
359,IERC20.sol,0
361,IERC20.sol,0
362,IERC20.sol,0
363,IERC20.sol,0
365,IERC20.sol,0
366,IERC20.sol,0
367,IERC20.sol,0
369,IERC20.sol,0
370,IERC20.sol,0
371,IERC20.sol,0
373,IERC20.sol,0
374,IERC20.sol,0
375,IERC20.sol,0
376,IERC20.sol,0
378,IERC20.sol,0
379,IERC20.sol,0
380,IERC20.sol,0
382,IERC20.sol,0
383,IERC20.sol,0
384,IERC20.sol,0
386,IERC20.sol,0
387,IERC20.sol,0
388,IERC20.sol,0
390,IERC20.sol,0
391,IERC20.sol,0
392,IERC20.sol,0
394,IERC20.sol,0
395,IERC20.sol,0
396,IERC20.sol,0
398,IERC20.sol,0
399,IERC20.sol,0
400,IERC20.sol,0
402,IERC20.sol,0
403,IERC20.sol,0
404,IERC20.sol,0
406,IERC20.sol,0
407,IERC20.sol,0
408,IERC20.sol,0
409,IERC20.sol,0
411,IERC20.sol,0
412,IERC20.sol,0
413,IERC20.sol,0
415,IERC20.sol,0
417,IERC20.sol,0
418,IERC20.sol,0
419,IERC20.sol,0
421,IERC20.sol,0
422,IERC20.sol,0
423,IERC20.sol,0
425,IERC20.sol,0
426,IERC20.sol,0
427,IERC20.sol,0
429,IERC20.sol,0
430,IERC20.sol,0
431,IERC20.sol,0
433,IERC20.sol,0
434,IERC20.sol,0
435,IERC20.sol,0
437,IERC20.sol,0
438,IERC20.sol,0
439,IERC20.sol,0
440,IERC20.sol,0
442,IERC20.sol,0
443,IERC20.sol,0
444,IERC20.sol,0
446,IERC20.sol,0
447,IERC20.sol,0
448,IERC20.sol,0
450,IERC20.sol,0
451,IERC20.sol,0
452,IERC20.sol,0
454,IERC20.sol,0
455,IERC20.sol,0
456,IERC20.sol,0
458,IERC20.sol,0
459,IERC20.sol,0
460,IERC20.sol,0
462,IERC20.sol,0
463,IERC20.sol,0
464,IERC20.sol,0
466,IERC20.sol,0
467,IERC20.sol,0
468,IERC20.sol,0
470,IERC20.sol,0
471,IERC20.sol,0
472,IERC20.sol,0
474,IERC20.sol,0
475,IERC20.sol,0
476,IERC20.sol,0
477,IERC20.sol,0
479,IERC20.sol,0
480,IERC20.sol,0
481,IERC20.sol,0
483,IERC20.sol,0
484,IERC20.sol,0
486,IERC20.sol,0
487,IERC20.sol,0
488,IERC20.sol,0
490,IERC20.sol,0
491,IERC20.sol,0
492,IERC20.sol,0
494,IERC20.sol,0
495,IERC20.sol,0
496,IERC20.sol,0
498,IERC20.sol,0
499,IERC20.sol,0
500,IERC20.sol,0
502,IERC20.sol,0
503,IERC20.sol,0
504,IERC20.sol,0
506,IERC20.sol,0
507,IERC20.sol,0
508,IERC20.sol,0
510,IERC20.sol,0
511,IERC20.sol,0
512,IERC20.sol,0
514,IERC20.sol,0
515,IERC20.sol,0
516,IERC20.sol,0
518,IERC20.sol,0
519,IERC20.sol,0
520,IERC20.sol,0
522,IERC20.sol,0
523,IERC20.sol,0
524,IERC20.sol,0
526,IERC20.sol,0
527,IERC20.sol,0
528,IERC20.sol,0
530,IERC20.sol,0
531,IERC20.sol,0
532,IERC20.sol,0
534,IERC20.sol,0
535,IERC20.sol,0
536,IERC20.sol,0
538,IERC20.sol,0
539,IERC20.sol,0
540,IERC20.sol,0
542,IERC20.sol,0
543,IERC20.sol,0
544,IERC20.sol,0
546,IERC20.sol,0
547,IERC20.sol,0
548,IERC20.sol,0
550,IERC20.sol,0
551,IERC20.sol,0
553,IERC20.sol,0
554,IERC20.sol,0
556,IERC20.sol,0
557,IERC20.sol,0
558,IERC20.sol,0
560,IERC20.sol,0
561,IERC20.sol,0
562,IERC20.sol,0
564,IERC20.sol,0
565,IERC20.sol,0
566,IERC20.sol,0
568,IERC20.sol,0
569,IERC20.sol,0
570,IERC20.sol,0
571,IERC20.sol,0
573,IERC20.sol,0
574,IERC20.sol,0
575,IERC20.sol,0
577,IERC20.sol,0
578,IERC20.sol,0
579,IERC20.sol,0
581,IERC20.sol,0
582,IERC20.sol,0
583,IERC20.sol,0
585,IERC20.sol,0
586,IERC20.sol,0
587,IERC20.sol,0
589,IERC20.sol,0
590,IERC20.sol,0
592,IERC20.sol,0
593,IERC20.sol,0
594,IERC20.sol,0
595,IERC20.sol,0
597,IERC20.sol,0
598,IERC20.sol,0
599,IERC20.sol,0
601,IERC20.sol,0
602,IERC20.sol,0
603,IERC20.sol,0
605,IERC20.sol,0
606,IERC20.sol,0
607,IERC20.sol,0
609,IERC20.sol,0
610,IERC20.sol,0
611,IERC20.sol,0
613,IERC20.sol,0
614,IERC20.sol,0
615,IERC20.sol,0
617,IERC20.sol,0
618,IERC20.sol,0
619,IERC20.sol,0
621,IERC20.sol,0
622,IERC20.sol,0
624,IERC20.sol,0
625,IERC20.sol,0
626,IERC20.sol,0
628,IERC20.sol,0
629,IERC20.sol,0
630,IERC20.sol,0
632,IERC20.sol,0
633,IERC20.sol,0
634,IERC20.sol,0
636,IERC20.sol,0
637,IERC20.sol,0
638,IERC20.sol,0
640,IERC20.sol,0
641,IERC20.sol,0
642,IERC20.sol,0
644,IERC20.sol,0
645,IERC20.sol,0
646,IERC20.sol,0
647,IERC20.sol,0
649,IERC20.sol,0
650,IERC20.sol,0
651,IERC20.sol,0
653,IERC20.sol,0
654,IERC20.sol,0
655,IERC20.sol,0
657,IERC20.sol,0
658,IERC20.sol,0
659,IERC20.sol,0
661,IERC20.sol,0
662,IERC20.sol,0
663,IERC20.sol,0
665,IERC20.sol,0
666,IERC20.sol,0
667,IERC20.sol,0
669,IERC20.sol,0
670,IERC20.sol,0
671,IERC20.sol,0
673,IERC20.sol,0
674,IERC20.sol,0
675,IERC20.sol,0
676,IERC20.sol,0
678,IERC20.sol,0
679,IERC20.sol,0
680,IERC20.sol,0
682,IERC20.sol,0
683,IERC20.sol,0
684,IERC20.sol,0
685,IERC20.sol,0
687,IERC20.sol,0
688,IERC20.sol,0
690,IERC20.sol,0
691,IERC20.sol,0
693,IERC20.sol,0
694,IERC20.sol,0
695,IERC20.sol,0
696,IERC20.sol,0
698,IERC20.sol,0
699,IERC20.sol,0
700,IERC20.sol,0
701,IERC20.sol,0
703,IERC20.sol,0
704,IERC20.sol,0
705,IERC20.sol,0
707,IERC20.sol,0
708,IERC20.sol,0
709,IERC20.sol,0
711,IERC20.sol,0
712,IERC20.sol,0
713,IERC20.sol,0
714,IERC20.sol,0
716,IERC20.sol,0
717,IERC20.sol,0
718,IERC20.sol,0
720,IERC20.sol,0
721,IERC20.sol,0
722,IERC20.sol,0
723,IERC20.sol,0
725,IERC20.sol,0
726,IERC20.sol,0
727,IERC20.sol,0
728,IERC20.sol,0
730,IERC20.sol,0
731,IERC20.sol,0
732,IERC20.sol,0
734,IERC20.sol,0
735,IERC20.sol,0
736,IERC20.sol,0
738,IERC20.sol,0
739,IERC20.sol,0
740,IERC20.sol,0
742,IERC20.sol,0
743,IERC20.sol,0
744,IERC20.sol,0
746,IERC20.sol,0
747,IERC20.sol,0
748,IERC20.sol,0
750,IERC20.sol,0
751,IERC20.sol,0
752,IERC20.sol,0
754,IERC20.sol,0
755,IERC20.sol,0
756,IERC20.sol,0
758,IERC20.sol,0
760,IERC20.sol,0
761,IERC20.sol,0
762,IERC20.sol,0
764,IERC20.sol,0
765,IERC20.sol,0
766,IERC20.sol,0
768,IERC20.sol,0
769,IERC20.sol,0
770,IERC20.sol,0
772,IERC20.sol,0
773,IERC20.sol,0
774,IERC20.sol,0
776,IERC20.sol,0
777,IERC20.sol,0
778,IERC20.sol,0
779,IERC20.sol,0
781,IERC20.sol,0
782,IERC20.sol,0
783,IERC20.sol,0
785,IERC20.sol,0
786,IERC20.sol,0
787,IERC20.sol,0
789,IERC20.sol,0
790,IERC20.sol,0
791,IERC20.sol,0
793,IERC20.sol,0
794,IERC20.sol,0
795,IERC20.sol,0
797,IERC20.sol,0
798,IERC20.sol,0
799,IERC20.sol,0
801,IERC20.sol,0
802,IERC20.sol,0
803,IERC20.sol,0
805,IERC20.sol,0
806,IERC20.sol,0
807,IERC20.sol,0
809,IERC20.sol,0
810,IERC20.sol,0
811,IERC20.sol,0
813,IERC20.sol,0
814,IERC20.sol,0
815,IERC20.sol,0
817,IERC20.sol,0
818,IERC20.sol,0
819,IERC20.sol,0
821,IERC20.sol,0
822,IERC20.sol,0
823,IERC20.sol,0
825,IERC20.sol,0
827,IERC20.sol,0
828,IERC20.sol,0
829,IERC20.sol,0
831,IERC20.sol,0
832,IERC20.sol,0
833,IERC20.sol,0
835,IERC20.sol,0
836,IERC20.sol,0
837,IERC20.sol,0
839,IERC20.sol,0
840,IERC20.sol,0
841,IERC20.sol,0
843,IERC20.sol,0
844,IERC20.sol,0
845,IERC20.sol,0
847,IERC20.sol,0
848,IERC20.sol,0
849,IERC20.sol,0
851,IERC20.sol,0
852,IERC20.sol,0
853,IERC20.sol,0
855,IERC20.sol,0
856,IERC20.sol,0
857,IERC20.sol,0
859,IERC20.sol,0
860,IERC20.sol,0
861,IERC20.sol,0
863,IERC20.sol,0
864,IERC20.sol,0
866,IERC20.sol,0
867,IERC20.sol,0
868,IERC20.sol,0
870,IERC20.sol,0
871,IERC20.sol,0
872,IERC20.sol,0
874,IERC20.sol,0
875,IERC20.sol,0
877,IERC20.sol,0
878,IERC20.sol,0
879,IERC20.sol,0
881,IERC20.sol,0
882,IERC20.sol,0
883,IERC20.sol,0
885,IERC20.sol,0
886,IERC20.sol,0
887,IERC20.sol,0
889,IERC20.sol,0
890,IERC20.sol,0
891,IERC20.sol,0
893,IERC20.sol,0
894,IERC20.sol,0
896,IERC20.sol,0
897,IERC20.sol,0
898,IERC20.sol,0
900,IERC20.sol,0
0,IVestingToken.sol,0
1,IVestingToken.sol,0
3,IVestingToken.sol,0
4,IVestingToken.sol,0
5,IVestingToken.sol,0
7,IVestingToken.sol,0
8,IVestingToken.sol,0
9,IVestingToken.sol,0
11,IVestingToken.sol,0
12,IVestingToken.sol,0
13,IVestingToken.sol,0
15,IVestingToken.sol,0
16,IVestingToken.sol,0
17,IVestingToken.sol,0
19,IVestingToken.sol,0
20,IVestingToken.sol,0
21,IVestingToken.sol,0
23,IVestingToken.sol,0
24,IVestingToken.sol,0
25,IVestingToken.sol,0
26,IVestingToken.sol,0
28,IVestingToken.sol,0
29,IVestingToken.sol,0
30,IVestingToken.sol,0
32,IVestingToken.sol,0
33,IVestingToken.sol,0
34,IVestingToken.sol,0
36,IVestingToken.sol,0
37,IVestingToken.sol,0
38,IVestingToken.sol,0
40,IVestingToken.sol,0
41,IVestingToken.sol,0
43,IVestingToken.sol,0
44,IVestingToken.sol,0
45,IVestingToken.sol,0
47,IVestingToken.sol,0
48,IVestingToken.sol,0
49,IVestingToken.sol,0
51,IVestingToken.sol,0
52,IVestingToken.sol,0
53,IVestingToken.sol,0
55,IVestingToken.sol,0
56,IVestingToken.sol,0
57,IVestingToken.sol,0
59,IVestingToken.sol,0
60,IVestingToken.sol,0
61,IVestingToken.sol,0
63,IVestingToken.sol,0
65,IVestingToken.sol,0
66,IVestingToken.sol,0
67,IVestingToken.sol,0
69,IVestingToken.sol,0
70,IVestingToken.sol,0
71,IVestingToken.sol,0
73,IVestingToken.sol,0
74,IVestingToken.sol,0
75,IVestingToken.sol,0
77,IVestingToken.sol,0
78,IVestingToken.sol,0
79,IVestingToken.sol,0
81,IVestingToken.sol,0
82,IVestingToken.sol,0
83,IVestingToken.sol,0
85,IVestingToken.sol,0
86,IVestingToken.sol,0
87,IVestingToken.sol,0
89,IVestingToken.sol,0
90,IVestingToken.sol,0
91,IVestingToken.sol,0
93,IVestingToken.sol,0
94,IVestingToken.sol,0
95,IVestingToken.sol,0
97,IVestingToken.sol,0
98,IVestingToken.sol,0
99,IVestingToken.sol,0
101,IVestingToken.sol,0
102,IVestingToken.sol,0
103,IVestingToken.sol,0
105,IVestingToken.sol,0
106,IVestingToken.sol,0
107,IVestingToken.sol,0
109,IVestingToken.sol,0
110,IVestingToken.sol,0
111,IVestingToken.sol,0
113,IVestingToken.sol,0
114,IVestingToken.sol,0
116,IVestingToken.sol,0
117,IVestingToken.sol,0
118,IVestingToken.sol,0
120,IVestingToken.sol,0
121,IVestingToken.sol,0
122,IVestingToken.sol,0
124,IVestingToken.sol,0
125,IVestingToken.sol,0
126,IVestingToken.sol,0
128,IVestingToken.sol,0
129,IVestingToken.sol,0
130,IVestingToken.sol,0
132,IVestingToken.sol,0
134,IVestingToken.sol,0
135,IVestingToken.sol,0
136,IVestingToken.sol,0
138,IVestingToken.sol,0
139,IVestingToken.sol,0
140,IVestingToken.sol,0
142,IVestingToken.sol,0
143,IVestingToken.sol,0
144,IVestingToken.sol,0
146,IVestingToken.sol,0
147,IVestingToken.sol,0
148,IVestingToken.sol,0
150,IVestingToken.sol,0
151,IVestingToken.sol,0
152,IVestingToken.sol,0
154,IVestingToken.sol,0
155,IVestingToken.sol,0
156,IVestingToken.sol,0
158,IVestingToken.sol,0
159,IVestingToken.sol,0
160,IVestingToken.sol,0
162,IVestingToken.sol,0
163,IVestingToken.sol,0
164,IVestingToken.sol,0
166,IVestingToken.sol,0
167,IVestingToken.sol,0
168,IVestingToken.sol,0
170,IVestingToken.sol,0
171,IVestingToken.sol,0
172,IVestingToken.sol,0
174,IVestingToken.sol,0
175,IVestingToken.sol,0
176,IVestingToken.sol,0
178,IVestingToken.sol,0
179,IVestingToken.sol,0
180,IVestingToken.sol,0
182,IVestingToken.sol,0
183,IVestingToken.sol,0
184,IVestingToken.sol,0
186,IVestingToken.sol,0
187,IVestingToken.sol,0
188,IVestingToken.sol,0
190,IVestingToken.sol,0
191,IVestingToken.sol,0
192,IVestingToken.sol,0
194,IVestingToken.sol,0
195,IVestingToken.sol,0
196,IVestingToken.sol,0
198,IVestingToken.sol,0
199,IVestingToken.sol,0
200,IVestingToken.sol,0
202,IVestingToken.sol,0
204,IVestingToken.sol,0
205,IVestingToken.sol,0
206,IVestingToken.sol,0
208,IVestingToken.sol,0
209,IVestingToken.sol,0
210,IVestingToken.sol,0
212,IVestingToken.sol,0
213,IVestingToken.sol,0
215,IVestingToken.sol,0
216,IVestingToken.sol,0
217,IVestingToken.sol,0
219,IVestingToken.sol,0
220,IVestingToken.sol,0
221,IVestingToken.sol,0
223,IVestingToken.sol,0
224,IVestingToken.sol,0
225,IVestingToken.sol,0
227,IVestingToken.sol,0
228,IVestingToken.sol,0
229,IVestingToken.sol,0
231,IVestingToken.sol,0
232,IVestingToken.sol,0
233,IVestingToken.sol,0
235,IVestingToken.sol,0
236,IVestingToken.sol,0
237,IVestingToken.sol,0
239,IVestingToken.sol,0
240,IVestingToken.sol,0
241,IVestingToken.sol,0
243,IVestingToken.sol,0
244,IVestingToken.sol,0
245,IVestingToken.sol,0
247,IVestingToken.sol,0
248,IVestingToken.sol,0
249,IVestingToken.sol,0
251,IVestingToken.sol,0
252,IVestingToken.sol,0
253,IVestingToken.sol,0
255,IVestingToken.sol,0
256,IVestingToken.sol,0
257,IVestingToken.sol,0
259,IVestingToken.sol,0
260,IVestingToken.sol,0
261,IVestingToken.sol,0
263,IVestingToken.sol,0
264,IVestingToken.sol,0
265,IVestingToken.sol,0
267,IVestingToken.sol,0
268,IVestingToken.sol,0
269,IVestingToken.sol,0
271,IVestingToken.sol,0
273,IVestingToken.sol,0
274,IVestingToken.sol,0
275,IVestingToken.sol,0
276,IVestingToken.sol,0
278,IVestingToken.sol,0
279,IVestingToken.sol,0
281,IVestingToken.sol,0
282,IVestingToken.sol,0
283,IVestingToken.sol,0
285,IVestingToken.sol,0
286,IVestingToken.sol,0
287,IVestingToken.sol,0
289,IVestingToken.sol,0
290,IVestingToken.sol,0
291,IVestingToken.sol,0
293,IVestingToken.sol,0
294,IVestingToken.sol,0
295,IVestingToken.sol,0
297,IVestingToken.sol,0
298,IVestingToken.sol,0
300,IVestingToken.sol,0
301,IVestingToken.sol,0
302,IVestingToken.sol,0
304,IVestingToken.sol,0
305,IVestingToken.sol,0
306,IVestingToken.sol,0
308,IVestingToken.sol,0
309,IVestingToken.sol,0
310,IVestingToken.sol,0
312,IVestingToken.sol,0
313,IVestingToken.sol,0
315,IVestingToken.sol,0
316,IVestingToken.sol,0
317,IVestingToken.sol,0
319,IVestingToken.sol,0
320,IVestingToken.sol,0
321,IVestingToken.sol,0
322,IVestingToken.sol,0
324,IVestingToken.sol,0
325,IVestingToken.sol,0
326,IVestingToken.sol,0
328,IVestingToken.sol,0
329,IVestingToken.sol,0
330,IVestingToken.sol,0
332,IVestingToken.sol,0
333,IVestingToken.sol,0
334,IVestingToken.sol,0
336,IVestingToken.sol,0
337,IVestingToken.sol,0
339,IVestingToken.sol,0
340,IVestingToken.sol,0
342,IVestingToken.sol,0
343,IVestingToken.sol,0
344,IVestingToken.sol,0
346,IVestingToken.sol,0
347,IVestingToken.sol,0
348,IVestingToken.sol,0
350,IVestingToken.sol,0
351,IVestingToken.sol,0
352,IVestingToken.sol,0
354,IVestingToken.sol,0
355,IVestingToken.sol,0
356,IVestingToken.sol,0
358,IVestingToken.sol,0
359,IVestingToken.sol,0
360,IVestingToken.sol,0
362,IVestingToken.sol,0
363,IVestingToken.sol,0
364,IVestingToken.sol,0
366,IVestingToken.sol,0
367,IVestingToken.sol,0
368,IVestingToken.sol,0
370,IVestingToken.sol,0
371,IVestingToken.sol,0
372,IVestingToken.sol,0
374,IVestingToken.sol,0
375,IVestingToken.sol,0
376,IVestingToken.sol,0
378,IVestingToken.sol,0
379,IVestingToken.sol,0
380,IVestingToken.sol,0
382,IVestingToken.sol,0
383,IVestingToken.sol,0
384,IVestingToken.sol,0
386,IVestingToken.sol,0
387,IVestingToken.sol,0
388,IVestingToken.sol,0
390,IVestingToken.sol,0
391,IVestingToken.sol,0
393,IVestingToken.sol,0
394,IVestingToken.sol,0
395,IVestingToken.sol,0
397,IVestingToken.sol,0
398,IVestingToken.sol,0
399,IVestingToken.sol,0
401,IVestingToken.sol,0
402,IVestingToken.sol,0
403,IVestingToken.sol,0
405,IVestingToken.sol,0
406,IVestingToken.sol,0
408,IVestingToken.sol,0
409,IVestingToken.sol,0
411,IVestingToken.sol,0
412,IVestingToken.sol,0
413,IVestingToken.sol,0
414,IVestingToken.sol,0
416,IVestingToken.sol,0
417,IVestingToken.sol,0
418,IVestingToken.sol,0
420,IVestingToken.sol,0
421,IVestingToken.sol,0
423,IVestingToken.sol,0
424,IVestingToken.sol,0
425,IVestingToken.sol,0
427,IVestingToken.sol,0
428,IVestingToken.sol,0
429,IVestingToken.sol,0
431,IVestingToken.sol,0
432,IVestingToken.sol,0
434,IVestingToken.sol,0
435,IVestingToken.sol,0
436,IVestingToken.sol,0
438,IVestingToken.sol,0
439,IVestingToken.sol,0
440,IVestingToken.sol,0
442,IVestingToken.sol,0
443,IVestingToken.sol,0
444,IVestingToken.sol,0
446,IVestingToken.sol,0
447,IVestingToken.sol,0
449,IVestingToken.sol,0
450,IVestingToken.sol,0
451,IVestingToken.sol,0
452,IVestingToken.sol,0
454,IVestingToken.sol,0
455,IVestingToken.sol,0
457,IVestingToken.sol,0
458,IVestingToken.sol,0
459,IVestingToken.sol,0
461,IVestingToken.sol,0
462,IVestingToken.sol,0
464,IVestingToken.sol,0
465,IVestingToken.sol,0
466,IVestingToken.sol,0
468,IVestingToken.sol,0
469,IVestingToken.sol,0
470,IVestingToken.sol,0
472,IVestingToken.sol,0
473,IVestingToken.sol,0
474,IVestingToken.sol,0
476,IVestingToken.sol,0
478,IVestingToken.sol,0
479,IVestingToken.sol,0
480,IVestingToken.sol,0
482,IVestingToken.sol,0
483,IVestingToken.sol,0
485,IVestingToken.sol,0
486,IVestingToken.sol,0
487,IVestingToken.sol,0
489,IVestingToken.sol,0
490,IVestingToken.sol,0
491,IVestingToken.sol,0
493,IVestingToken.sol,0
494,IVestingToken.sol,0
496,IVestingToken.sol,0
497,IVestingToken.sol,0
498,IVestingToken.sol,0
499,IVestingToken.sol,0
501,IVestingToken.sol,0
502,IVestingToken.sol,0
504,IVestingToken.sol,0
505,IVestingToken.sol,0
506,IVestingToken.sol,0
508,IVestingToken.sol,0
509,IVestingToken.sol,0
510,IVestingToken.sol,0
512,IVestingToken.sol,0
513,IVestingToken.sol,0
515,IVestingToken.sol,0
516,IVestingToken.sol,0
517,IVestingToken.sol,0
519,IVestingToken.sol,0
520,IVestingToken.sol,0
521,IVestingToken.sol,0
523,IVestingToken.sol,0
524,IVestingToken.sol,0
526,IVestingToken.sol,0
527,IVestingToken.sol,0
529,IVestingToken.sol,0
530,IVestingToken.sol,0
531,IVestingToken.sol,0
533,IVestingToken.sol,0
534,IVestingToken.sol,0
535,IVestingToken.sol,0
537,IVestingToken.sol,0
538,IVestingToken.sol,0
540,IVestingToken.sol,0
541,IVestingToken.sol,0
542,IVestingToken.sol,0
544,IVestingToken.sol,0
545,IVestingToken.sol,0
547,IVestingToken.sol,0
548,IVestingToken.sol,0
550,IVestingToken.sol,0
551,IVestingToken.sol,0
552,IVestingToken.sol,0
554,IVestingToken.sol,0
555,IVestingToken.sol,0
556,IVestingToken.sol,0
558,IVestingToken.sol,0
559,IVestingToken.sol,0
560,IVestingToken.sol,0
562,IVestingToken.sol,0
563,IVestingToken.sol,0
564,IVestingToken.sol,0
566,IVestingToken.sol,0
567,IVestingToken.sol,0
568,IVestingToken.sol,0
570,IVestingToken.sol,0
571,IVestingToken.sol,0
572,IVestingToken.sol,0
574,IVestingToken.sol,0
575,IVestingToken.sol,0
576,IVestingToken.sol,0
578,IVestingToken.sol,0
579,IVestingToken.sol,0
581,IVestingToken.sol,0
582,IVestingToken.sol,0
583,IVestingToken.sol,0
585,IVestingToken.sol,0
586,IVestingToken.sol,0
587,IVestingToken.sol,0
589,IVestingToken.sol,0
590,IVestingToken.sol,0
591,IVestingToken.sol,0
593,IVestingToken.sol,0
594,IVestingToken.sol,0
596,IVestingToken.sol,0
597,IVestingToken.sol,0
599,IVestingToken.sol,0
600,IVestingToken.sol,0
601,IVestingToken.sol,0
603,IVestingToken.sol,0
604,IVestingToken.sol,0
605,IVestingToken.sol,0
606,IVestingToken.sol,0
608,IVestingToken.sol,0
609,IVestingToken.sol,0
611,IVestingToken.sol,0
612,IVestingToken.sol,0
613,IVestingToken.sol,0
614,IVestingToken.sol,0
616,IVestingToken.sol,0
618,IVestingToken.sol,0
619,IVestingToken.sol,0
620,IVestingToken.sol,0
622,IVestingToken.sol,0
623,IVestingToken.sol,0
624,IVestingToken.sol,0
626,IVestingToken.sol,0
627,IVestingToken.sol,0
629,IVestingToken.sol,0
630,IVestingToken.sol,0
631,IVestingToken.sol,0
633,IVestingToken.sol,0
634,IVestingToken.sol,0
635,IVestingToken.sol,0
637,IVestingToken.sol,0
638,IVestingToken.sol,0
639,IVestingToken.sol,0
641,IVestingToken.sol,0
642,IVestingToken.sol,0
643,IVestingToken.sol,0
645,IVestingToken.sol,0
646,IVestingToken.sol,0
647,IVestingToken.sol,0
649,IVestingToken.sol,0
650,IVestingToken.sol,0
652,IVestingToken.sol,0
653,IVestingToken.sol,0
654,IVestingToken.sol,0
656,IVestingToken.sol,0
657,IVestingToken.sol,0
658,IVestingToken.sol,0
660,IVestingToken.sol,0
661,IVestingToken.sol,0
662,IVestingToken.sol,0
664,IVestingToken.sol,0
665,IVestingToken.sol,0
667,IVestingToken.sol,0
668,IVestingToken.sol,0
669,IVestingToken.sol,0
671,IVestingToken.sol,0
672,IVestingToken.sol,0
673,IVestingToken.sol,0
675,IVestingToken.sol,0
676,IVestingToken.sol,0
677,IVestingToken.sol,0
679,IVestingToken.sol,0
680,IVestingToken.sol,0
681,IVestingToken.sol,0
683,IVestingToken.sol,0
684,IVestingToken.sol,0
686,IVestingToken.sol,0
688,IVestingToken.sol,0
689,IVestingToken.sol,0
690,IVestingToken.sol,0
692,IVestingToken.sol,0
694,IVestingToken.sol,0
695,IVestingToken.sol,0
696,IVestingToken.sol,0
698,IVestingToken.sol,0
699,IVestingToken.sol,0
700,IVestingToken.sol,0
702,IVestingToken.sol,0
703,IVestingToken.sol,0
705,IVestingToken.sol,0
706,IVestingToken.sol,0
707,IVestingToken.sol,0
709,IVestingToken.sol,0
710,IVestingToken.sol,0
712,IVestingToken.sol,0
713,IVestingToken.sol,0
714,IVestingToken.sol,0
716,IVestingToken.sol,0
717,IVestingToken.sol,0
719,IVestingToken.sol,0
720,IVestingToken.sol,0
721,IVestingToken.sol,0
723,IVestingToken.sol,0
724,IVestingToken.sol,0
726,IVestingToken.sol,0
727,IVestingToken.sol,0
728,IVestingToken.sol,0
730,IVestingToken.sol,0
731,IVestingToken.sol,0
732,IVestingToken.sol,0
734,IVestingToken.sol,0
735,IVestingToken.sol,0
737,IVestingToken.sol,0
738,IVestingToken.sol,0
739,IVestingToken.sol,0
741,IVestingToken.sol,0
742,IVestingToken.sol,0
743,IVestingToken.sol,0
745,IVestingToken.sol,0
746,IVestingToken.sol,0
747,IVestingToken.sol,0
749,IVestingToken.sol,0
750,IVestingToken.sol,0
752,IVestingToken.sol,0
753,IVestingToken.sol,0
754,IVestingToken.sol,0
756,IVestingToken.sol,0
758,IVestingToken.sol,0
759,IVestingToken.sol,0
760,IVestingToken.sol,0
762,IVestingToken.sol,0
763,IVestingToken.sol,0
764,IVestingToken.sol,0
766,IVestingToken.sol,0
767,IVestingToken.sol,0
769,IVestingToken.sol,0
770,IVestingToken.sol,0
771,IVestingToken.sol,0
773,IVestingToken.sol,0
774,IVestingToken.sol,0
775,IVestingToken.sol,0
777,IVestingToken.sol,0
778,IVestingToken.sol,0
780,IVestingToken.sol,0
781,IVestingToken.sol,0
783,IVestingToken.sol,0
784,IVestingToken.sol,0
785,IVestingToken.sol,0
787,IVestingToken.sol,0
788,IVestingToken.sol,0
790,IVestingToken.sol,0
791,IVestingToken.sol,0
792,IVestingToken.sol,0
793,IVestingToken.sol,0
795,IVestingToken.sol,0
796,IVestingToken.sol,0
798,IVestingToken.sol,0
799,IVestingToken.sol,0
801,IVestingToken.sol,0
802,IVestingToken.sol,0
803,IVestingToken.sol,0
805,IVestingToken.sol,0
806,IVestingToken.sol,0
808,IVestingToken.sol,0
809,IVestingToken.sol,0
811,IVestingToken.sol,0
812,IVestingToken.sol,0
813,IVestingToken.sol,0
815,IVestingToken.sol,0
816,IVestingToken.sol,0
817,IVestingToken.sol,0
819,IVestingToken.sol,0
820,IVestingToken.sol,0
822,IVestingToken.sol,0
823,IVestingToken.sol,0
824,IVestingToken.sol,0
826,IVestingToken.sol,0
828,IVestingToken.sol,0
829,IVestingToken.sol,0
830,IVestingToken.sol,0
832,IVestingToken.sol,0
833,IVestingToken.sol,0
834,IVestingToken.sol,0
836,IVestingToken.sol,0
837,IVestingToken.sol,0
839,IVestingToken.sol,0
840,IVestingToken.sol,0
841,IVestingToken.sol,0
843,IVestingToken.sol,0
844,IVestingToken.sol,0
845,IVestingToken.sol,0
847,IVestingToken.sol,0
848,IVestingToken.sol,0
850,IVestingToken.sol,0
851,IVestingToken.sol,0
853,IVestingToken.sol,0
854,IVestingToken.sol,0
856,IVestingToken.sol,0
857,IVestingToken.sol,0
858,IVestingToken.sol,0
860,IVestingToken.sol,0
861,IVestingToken.sol,0
863,IVestingToken.sol,0
864,IVestingToken.sol,0
866,IVestingToken.sol,0
867,IVestingToken.sol,0
869,IVestingToken.sol,0
870,IVestingToken.sol,0
872,IVestingToken.sol,0
874,IVestingToken.sol,0
876,IVestingToken.sol,0
877,IVestingToken.sol,0
879,IVestingToken.sol,0
880,IVestingToken.sol,0
882,IVestingToken.sol,0
884,IVestingToken.sol,0
885,IVestingToken.sol,0
886,IVestingToken.sol,0
888,IVestingToken.sol,0
889,IVestingToken.sol,0
891,IVestingToken.sol,0
892,IVestingToken.sol,0
893,IVestingToken.sol,0
895,IVestingToken.sol,0
897,IVestingToken.sol,0
898,IVestingToken.sol,0
900,IVestingToken.sol,0
